_id,username,email,password,img,isAdmin,isActive,createdAt
000000000000000000000001,Leonardo DaVinci,leonardo@example.com,123456,https://randomuser.me/api/portraits/men/0.jpg,true,true,2025-01-08T08:35:36
000000000000000000000002,Vincent Van Gogh,vincent@example.com,123456,https://randomuser.me/api/portraits/men/1.jpg,false,false,2025-01-08T08:36:37
000000000000000000000003,Pablo Neruda,pablo@example.com,123456,https://randomuser.me/api/portraits/men/2.jpg,true,true,2025-01-08T08:37:38
000000000000000000000004,Claude Moner,claude@example.com,123456,https://randomuser.me/api/portraits/men/3.jpg,false,false,2025-01-08T08:38:39
000000000000000000000005,Frida Kaloh,frida@example.com,123456,https://randomuser.me/api/portraits/women/4.jpg,true,true,2025-01-08T08:39:40
000000000000000000000006,Salvador Dalih,salvador@example.com,123456,https://randomuser.me/api/portraits/men/5.jpg,false,false,2025-01-08T08:40:41
000000000000000000000007,Georgia Franklin,georgia@example.com,123456,https://randomuser.me/api/portraits/women/6.jpg,true,true,2025-01-08T08:41:42
000000000000000000000008,Edvard Hopper,edvard@example.com,123456,https://randomuser.me/api/portraits/men/7.jpg,false,false,2025-01-08T08:42:43
000000000000000000000009,Henri Ford,henri@example.com,123456,https://randomuser.me/api/portraits/men/8.jpg,true,true,2025-01-08T08:43:44
000000000000000000000010,Jackson Samuel,jackson@example.com,123456,https://randomuser.me/api/portraits/men/9.jpg,false,false,2025-01-08T08:44:45
000000000000000000000011,Michelangelo,michelangelo@example.com,123456,https://randomuser.me/api/portraits/men/10.jpg,true,true,2025-01-08T08:45:46
000000000000000000000012,Andy Summers,andy@example.com,123456,https://randomuser.me/api/portraits/men/11.jpg,false,false,2025-01-08T08:46:47
000000000000000000000013,Rembrandt,rembrandt@example.com,123456,https://randomuser.me/api/portraits/men/12.jpg,true,true,2025-01-08T08:47:48
000000000000000000000014,Paul Verni,paul@example.com,123456,https://randomuser.me/api/portraits/men/13.jpg,false,false,2025-01-08T08:48:49
000000000000000000000015,Gustav FLaubert,gustav@example.com,123456,https://randomuser.me/api/portraits/men/14.jpg,true,true,2025-01-08T08:49:50
000000000000000000000016,Edgar Poe,edgar@example.com,123456,https://randomuser.me/api/portraits/men/15.jpg,false,false,2025-01-08T08:50:51
000000000000000000000017,Wassily Katsushika,wassily@example.com,123456,https://randomuser.me/api/portraits/men/16.jpg,true,true,2025-01-08T08:51:52
000000000000000000000018,Diego Rivera,diego@example.com,123456,https://randomuser.me/api/portraits/men/17.jpg,false,false,2025-01-08T08:52:53
000000000000000000000019,Joan Bert,joan@example.com,123456,https://randomuser.me/api/portraits/men/18.jpg,true,true,2025-01-08T08:53:54
000000000000000000000020,Auguste Floyd,auguste@example.com,123456,https://randomuser.me/api/portraits/men/19.jpg,false,false,2025-01-08T08:54:55
000000000000000000000021,Camille Cesare,camille@example.com,123456,https://randomuser.me/api/portraits/women/20.jpg,true,true,2025-01-08T08:55:56
000000000000000000000022,Marc Anthony,marc@example.com,123456,https://randomuser.me/api/portraits/men/21.jpg,false,false,2025-01-08T08:56:57
000000000000000000000023,Yayoi Ruel,yayoi@example.com,123456,https://randomuser.me/api/portraits/men/22.jpg,true,true,2025-01-08T08:57:58
000000000000000000000024,Katsushika Fillbert,katsushika@example.com,123456,https://randomuser.me/api/portraits/women/23.jpg,false,false,2025-01-08T08:58:59
000000000000000000000025,Jean-Michel Dirac,jean-michel@example.com,123456,https://randomuser.me/api/portraits/men/24.jpg,true,true,2025-01-08T08:59:60
000000000000000000000026,Marie Curie, curie@example.com,123456,https://randomuser.me/api/portraits/women/1.jpg,false,false,2025-01-08T08:36:37
000000000000000000000027,Pablo Picasso,pablop@example.com,123456,https://randomuser.me/api/portraits/men/49.jpg,true,true,2025-01-08T08:37:38
000000000000000000000028,Claude Monet,claudemonet@example.com,123456,https://randomuser.me/api/portraits/men/48.jpg,false,false,2025-01-08T08:38:39
000000000000000000000029,Alicia Munro, alicia@example.com,123456,https://randomuser.me/api/portraits/women/45.jpg,true,true,2025-01-08T08:39:40
000000000000000000000030,Salvador Garmendia,salvadorg@example.com,123456,https://randomuser.me/api/portraits/men/44.jpg,false,false,2025-01-08T08:40:41
000000000000000000000031,Georgia Stendall,georgias@example.com,123456,https://randomuser.me/api/portraits/women/42.jpg,true,true,2025-01-08T08:41:42
000000000000000000000032,Alex Lora,alex@example.com,123456,https://randomuser.me/api/portraits/men/43.jpg,false,false,2025-01-08T08:42:43
000000000000000000000033,Henri Miller,henriM@example.com,123456,https://randomuser.me/api/portraits/men/40.jpg,true,true,2025-01-08T08:43:44
000000000000000000000034,alber Einstein , albert@example.com,123456,https://randomuser.me/api/portraits/men/39.jpg,false,false,2025-01-08T08:44:45
000000000000000000000035,Federico Fellini,federico@example.com,123456,https://randomuser.me/api/portraits/men/38.jpg,true,true,2025-01-08T08:45:46
000000000000000000000036,Andy garcia,andyg@example.com,123456,https://randomuser.me/api/portraits/men/37.jpg,false,false,2025-01-08T08:46:47
000000000000000000000037,Federico Nietzsche, nietzsche@example.com,123456,https://randomuser.me/api/portraits/men/36.jpg,true,true,2025-01-08T08:47:48
000000000000000000000038,Paul Mcarty,paulmm@example.com,123456,https://randomuser.me/api/portraits/men/35.jpg,false,false,2025-01-08T08:48:49
000000000000000000000039,Gustavo Cerati,gustavocerati@example.com,123456,https://randomuser.me/api/portraits/men/34.jpg,true,true,2025-01-08T08:49:50
000000000000000000000040,Lionel Messi, lionel@example.com,123456,https://randomuser.me/api/portraits/men/33.jpg,false,false,2025-01-08T08:50:51
000000000000000000000041,Wassily Kandinsky, kandinsky@example.com,123456,https://randomuser.me/api/portraits/men/32.jpg,true,true,2025-01-08T08:51:52
000000000000000000000042,Diego Perez,perez@example.com,123456,https://randomuser.me/api/portraits/men/31.jpg,false,false,2025-01-08T08:52:53
000000000000000000000043,Joan Sartre, sartre@example.com,123456,https://randomuser.me/api/portraits/men/30.jpg,true,true,2025-01-08T08:53:54
000000000000000000000044,Leonard Hash, hash@example.com,123456,https://randomuser.me/api/portraits/men/29.jpg,false,false,2025-01-08T08:54:55
000000000000000000000045,Adriana Azzi, adrianae@example.com,123456,https://randomuser.me/api/portraits/women/28.jpg,true,true,2025-01-08T08:55:56
000000000000000000000046,Marc Demarco,demarco@example.com,123456,https://randomuser.me/api/portraits/men/27.jpg,false,false,2025-01-08T08:56:57
000000000000000000000047,Yai Ruele, yaiede@example.com,123456,https://randomuser.me/api/portraits/men/26.jpg,true,true,2025-01-08T08:57:58
000000000000000000000048,Kat Melphins,melphins@example.com,123456,https://randomuser.me/api/portraits/women/25.jpg,false,false,2025-01-08T08:58:59
000000000000000000000049,Paul Dirac, palchel@example.com,123456,https://randomuser.me/api/portraits/men/25.jpg,true,true,2025-01-08T08:59:60
